label,window_start,window_end,blocks,ballots,avg_per_block,max_per_block,gaps_ge_3s,max_gap_s,slow_fsync_count,slow_fsync_seconds,org1_commit_p50_ms,org1_commit_max_ms,org2_commit_p50_ms,org2_commit_max_ms
sp-1k-par-20260911-232011-1,2026-09-11T23:20:11Z,2026-09-11T23:20:32Z,20,1000,50.0,50,0,1,0,0.000,24.0,35.0,20.0,27.0
sp-1k-par-20260911-232027-2,2026-09-11T23:20:27Z,2026-09-11T23:20:48Z,20,1000,50.0,50,0,1,0,0.000,31.0,51.0,21.0,38.0
sp-1k-par-20260911-232043-3,2026-09-11T23:20:43Z,2026-09-11T23:21:04Z,20,1000,50.0,50,0,1,0,0.000,29.0,37.0,21.0,27.0
sp-1k-par-20260911-232059-4,2026-09-11T23:20:59Z,2026-09-11T23:21:20Z,20,1000,50.0,50,0,1,0,0.000,29.0,43.0,21.0,28.0
sp-1k-par-20260911-232115-5,2026-09-11T23:21:15Z,2026-09-11T23:21:35Z,20,1000,50.0,50,0,0,0,0.000,28.0,34.0,20.0,27.0
sp-1k-par-20260911-232130-6,2026-09-11T23:21:30Z,2026-09-11T23:21:51Z,20,1000,50.0,50,0,1,0,0.000,27.0,36.0,21.0,26.0
sp-1k-par-20260911-232146-7,2026-09-11T23:21:46Z,2026-09-11T23:22:07Z,20,1000,50.0,50,0,1,0,0.000,28.0,40.0,22.0,32.0
sp-1k-par-20260911-232201-8,2026-09-11T23:22:01Z,2026-09-11T23:22:22Z,20,1000,50.0,50,0,1,0,0.000,27.0,44.0,22.0,31.0
sp-1k-par-20260911-232217-9,2026-09-11T23:22:17Z,2026-09-11T23:22:38Z,20,1000,50.0,50,0,1,0,0.000,32.0,57.0,22.0,46.0
sp-1k-par-20260911-232233-10,2026-09-11T23:22:33Z,2026-09-11T23:22:54Z,20,1000,50.0,50,0,1,0,0.000,29.0,43.0,21.0,30.0
sp-1k-par-20260911-232249-11,2026-09-11T23:22:49Z,2026-09-11T23:23:10Z,20,1000,50.0,50,0,1,0,0.000,25.0,35.0,21.0,33.0
sp-1k-par-20260911-232304-12,2026-09-11T23:23:04Z,2026-09-11T23:23:25Z,20,1000,50.0,50,0,1,0,0.000,28.0,37.0,22.0,36.0
mp-1k-par-20260911-232519-1,2026-09-11T23:25:19Z,2026-09-11T23:25:42Z,60,3000,50.0,50,0,1,0,0.000,31.0,41.0,22.0,32.0
mp-1k-par-20260911-232543-2,2026-09-11T23:25:44Z,2026-09-11T23:26:06Z,60,3000,50.0,50,0,1,0,0.000,29.0,41.0,23.0,34.0
mp-1k-par-20260911-232608-3,2026-09-11T23:26:08Z,2026-09-11T23:26:31Z,60,3000,50.0,50,0,1,0,0.000,29.0,39.0,23.0,39.0
mp-1k-par-20260911-232632-4,2026-09-11T23:26:33Z,2026-09-11T23:26:55Z,60,3000,50.0,50,0,1,0,0.000,29.0,38.0,23.0,32.0
mp-1k-par-20260911-232656-5,2026-09-11T23:26:57Z,2026-09-11T23:27:20Z,60,3000,50.0,50,0,1,0,0.000,31.0,54.0,22.0,36.0
mp-1k-par-20260911-232721-6,2026-09-11T23:27:22Z,2026-09-11T23:27:44Z,60,3000,50.0,50,0,1,0,0.000,31.0,40.0,23.0,34.0
mp-1k-par-20260911-232746-7,2026-09-11T23:27:46Z,2026-09-11T23:28:09Z,60,3000,50.0,50,0,1,0,0.000,31.0,58.0,23.0,37.0
mp-1k-par-20260911-232811-8,2026-09-11T23:28:11Z,2026-09-11T23:28:34Z,60,3000,50.0,50,0,1,0,0.000,31.0,42.0,24.0,36.0
mp-1k-par-20260911-232835-9,2026-09-11T23:28:36Z,2026-09-11T23:28:59Z,60,3000,50.0,50,0,1,0,0.000,29.0,65.0,23.0,40.0
mp-1k-par-20260911-232900-10,2026-09-11T23:29:00Z,2026-09-11T23:29:23Z,60,3000,50.0,50,0,1,0,0.000,30.0,41.0,23.0,39.0
mp-1k-par-20260911-232924-11,2026-09-11T23:29:25Z,2026-09-11T23:29:48Z,60,3000,50.0,50,0,1,0,0.000,30.0,38.0,23.0,32.0
mp-1k-par-20260911-232949-12,2026-09-11T23:29:49Z,2026-09-11T23:30:12Z,60,3000,50.0,50,0,1,0,0.000,31.0,44.0,24.0,32.0
sp-10k-par-20260911-233200-1,2026-09-11T23:32:02Z,2026-09-11T23:32:32Z,200,10000,50.0,50,0,1,0,0.000,31.0,54.0,23.0,37.0
sp-10k-par-20260911-233236-2,2026-09-11T23:32:38Z,2026-09-11T23:33:08Z,200,10000,50.0,50,0,1,0,0.000,31.0,49.0,25.0,41.0
sp-10k-par-20260911-233313-3,2026-09-11T23:33:15Z,2026-09-11T23:33:45Z,200,10000,50.0,50,0,1,0,0.000,31.0,58.0,24.0,38.0
sp-10k-par-20260911-233349-4,2026-09-11T23:33:52Z,2026-09-11T23:34:22Z,200,10000,50.0,50,0,1,0,0.000,32.0,64.0,24.0,43.0
sp-10k-par-20260911-233426-5,2026-09-11T23:34:28Z,2026-09-11T23:34:59Z,200,10000,50.0,50,0,1,0,0.000,31.0,70.0,24.0,40.0
sp-10k-par-20260911-233503-6,2026-09-11T23:35:06Z,2026-09-11T23:35:36Z,200,10000,50.0,50,0,1,0,0.000,31.0,72.0,24.0,52.0
sp-10k-par-20260911-233540-7,2026-09-11T23:35:44Z,2026-09-11T23:36:17Z,200,10000,50.0,50,0,1,0,0.000,32.0,112.0,24.0,99.0
sp-10k-par-20260911-233633-8,2026-09-11T23:36:36Z,2026-09-11T23:37:07Z,200,10000,50.0,50,0,1,0,0.000,32.0,57.0,23.0,44.0
sp-10k-par-20260911-233717-9,2026-09-11T23:37:20Z,2026-09-11T23:37:50Z,200,10000,50.0,50,0,1,0,0.000,31.0,68.0,23.0,39.0
sp-10k-par-20260911-233805-10,2026-09-11T23:38:09Z,2026-09-11T23:38:45Z,200,10000,50.0,50,1,6,0,0.000,31.0,69.0,24.0,37.0
sp-10k-par-20260911-233850-11,2026-09-11T23:38:52Z,2026-09-11T23:39:22Z,200,10000,50.0,50,0,1,0,0.000,32.0,64.0,24.0,44.0
sp-10k-par-20260911-233926-12,2026-09-11T23:39:29Z,2026-09-11T23:39:59Z,200,10000,50.0,50,0,1,0,0.000,32.0,67.0,24.0,43.0
mp-10k-par-20260911-234203-1,2026-09-11T23:42:10Z,2026-09-11T23:43:00Z,600,30000,50.0,50,0,1,0,0.000,32.0,79.0,24.0,55.0
mp-10k-par-20260911-234330-2,2026-09-11T23:43:37Z,2026-09-11T23:44:29Z,600,30000,50.0,50,0,1,0,0.000,33.0,149.0,25.0,153.0
mp-10k-par-20260911-234459-3,2026-09-11T23:45:06Z,2026-09-11T23:45:57Z,600,30000,50.0,50,0,1,0,0.000,33.0,72.0,25.0,51.0
mp-10k-par-20260911-234627-4,2026-09-11T23:46:34Z,2026-09-11T23:47:25Z,600,30000,50.0,50,0,1,0,0.000,33.0,94.0,25.0,62.0
mp-10k-par-20260911-234755-5,2026-09-11T23:48:02Z,2026-09-11T23:48:53Z,600,30000,50.0,50,0,1,0,0.000,33.0,67.0,24.0,43.0
mp-10k-par-20260911-234924-6,2026-09-11T23:49:31Z,2026-09-11T23:50:22Z,600,30000,50.0,50,0,1,0,0.000,33.0,76.0,25.0,46.0
mp-10k-par-20260911-235051-7,2026-09-11T23:50:58Z,2026-09-11T23:51:49Z,600,30000,50.0,50,0,1,0,0.000,33.0,86.0,25.0,50.0
mp-10k-par-20260911-235219-8,2026-09-11T23:52:26Z,2026-09-11T23:53:18Z,600,30000,50.0,50,0,1,0,0.000,34.0,76.0,25.0,59.0
mp-10k-par-20260911-235347-9,2026-09-11T23:53:55Z,2026-09-11T23:54:46Z,600,30000,50.0,50,0,1,0,0.000,33.0,87.0,25.0,51.0
mp-10k-par-20260911-235516-10,2026-09-11T23:55:23Z,2026-09-11T23:56:15Z,600,30000,50.0,50,0,1,0,0.000,34.0,82.0,25.0,53.0
mp-10k-par-20260911-235646-11,2026-09-11T23:56:54Z,2026-09-11T23:58:07Z,600,30000,50.0,50,2,14,0,0.000,34.0,75.0,24.0,48.0
mp-10k-par-20260911-235837-12,2026-09-11T23:59:00Z,2026-09-11T23:59:56Z,600,30000,50.0,50,0,2,0,0.000,34.0,101.0,25.0,101.0
sp-50k-par-20260912-000309-1,2026-09-12T00:03:21Z,2026-09-12T00:04:33Z,1000,50000,50.0,50,0,1,0,0.000,32.0,81.0,25.0,77.0
sp-50k-par-20260912-000519-2,2026-09-12T00:05:32Z,2026-09-12T00:06:44Z,1000,50000,50.0,50,0,1,0,0.000,33.0,74.0,24.0,52.0
sp-50k-par-20260912-000731-3,2026-09-12T00:07:44Z,2026-09-12T00:08:57Z,1000,50000,50.0,50,0,1,0,0.000,34.0,80.0,25.0,59.0
sp-50k-par-20260912-000945-4,2026-09-12T00:09:58Z,2026-09-12T00:11:12Z,1000,50000,50.0,50,0,1,0,0.000,34.0,97.0,25.0,69.0
sp-50k-par-20260912-001159-5,2026-09-12T00:12:12Z,2026-09-12T00:13:25Z,1000,50000,50.0,50,0,1,0,0.000,34.0,82.0,25.0,62.0
sp-50k-par-20260912-001413-6,2026-09-12T00:14:26Z,2026-09-12T00:15:40Z,1000,50000,50.0,50,0,1,0,0.000,34.0,82.0,25.0,58.0
sp-50k-par-20260912-001628-7,2026-09-12T00:16:41Z,2026-09-12T00:18:01Z,1000,50000,50.0,50,1,5,0,0.000,34.0,97.0,25.0,94.0
mp-50k-par-20260912-002127-1,2026-09-12T00:22:02Z,2026-09-12T00:25:10Z,3000,150000,50.0,50,0,1,0,0.000,35.0,159.0,26.0,147.0
mp-50k-par-20260912-002742-2,2026-09-12T00:28:19Z,2026-09-12T00:31:41Z,3000,150000,50.0,50,0,1,0,0.000,37.0,190.0,28.0,179.0
mp-50k-par-20260912-003414-3,2026-09-12T00:34:51Z,2026-09-12T00:38:30Z,3000,150000,50.0,50,2,8,0,0.000,36.0,175.0,28.0,173.0
mp-50k-par-20260912-004108-4,2026-09-12T00:41:49Z,2026-09-12T00:45:22Z,3000,150000,50.0,50,0,1,0,0.000,37.0,249.0,28.0,210.0
mp-50k-par-20260912-004755-5,2026-09-12T00:48:32Z,2026-09-12T00:52:01Z,3000,150000,50.0,50,0,1,0,0.000,38.0,198.0,29.0,195.0
mp-50k-par-20260912-005434-6,2026-09-12T00:55:11Z,2026-09-12T00:58:39Z,3000,150000,50.0,50,0,1,0,0.000,37.0,195.0,28.0,202.0
mp-50k-par-20260912-010113-7,2026-09-12T01:02:40Z,2026-09-12T01:06:00Z,3000,150000,50.0,50,0,1,0,0.000,36.0,159.0,27.0,150.0
