event,ref,tx_id,block_number,block_hash,data_hash,previous_hash,timestamp
CreateElection,,a2a68aa1d3a9bb01729a6a36103d4a4a40fba84872875d6ea805e430b8ee1880,154,40026f1f09986e029f8cb4d133e35922c288f1f942490c186ae5f95d23f69f77,730fbeed485bf6ddebe7e1e3d557255ee402fd32be1513c54433ddcd5f13bd5f,3ed26c8e8284f7f07cafeee5eeb379625b3964dab1164d4c7a7ed0881e588f64,2026-09-30T17:33:44Z
PublishDKGTranscript,,783123f4e0afcef1c5533b2ac49e822944f9744ee879fae3c594e7884a02152a,155,a4e70c1ab6b5d6df827afb3bd755be4e8de600347c7fe4cb67b080b734351a2f,e699c95aa25490707022cbc6eb24b7055ef5fe76d94eb6d305d81865ba74dfae,40026f1f09986e029f8cb4d133e35922c288f1f942490c186ae5f95d23f69f77,2026-09-30T17:33:46Z
CloseElection,,d2bced2b2bbd524194c9c4c8358da6b556de469681e687fee2e33f1982e9adb5,216,ffc6be3f07ee14bd3f22bd56bcea8e9abd556d48c6a24171d4af6e2d3a425b0d,9d73ed713f94845e4867346864e0b95498c33adc66f820795e2190dc9cac0af9,c854aa76e25614d0550c5efd7a1950829e312cd1be5afe07ba4dbc8b9646067c,2026-09-30T17:33:56Z
SubmitPartialDecryption,11,06970c53abe2127ccb236b032248cf7a8a0c5df3ba2658d473e410c8a5a40c82,217,0a056ec78303c65af9dcccfc38bede91e687f3cc1ea3eb50d0d3c6a7bc912db9,cf6e0b4d4de01f47f5ac369d2eb781d4f248a289bc326c0dc897fd9d90bba78f,ffc6be3f07ee14bd3f22bd56bcea8e9abd556d48c6a24171d4af6e2d3a425b0d,2026-09-30T17:33:58Z
SubmitPartialDecryption,15,75612384b61f3d741d5d074fc2ebf14b59e9d26754aecdcf9028dcecbaf84dea,217,0a056ec78303c65af9dcccfc38bede91e687f3cc1ea3eb50d0d3c6a7bc912db9,cf6e0b4d4de01f47f5ac369d2eb781d4f248a289bc326c0dc897fd9d90bba78f,ffc6be3f07ee14bd3f22bd56bcea8e9abd556d48c6a24171d4af6e2d3a425b0d,2026-09-30T17:33:58Z
SubmitPartialDecryption,12,403a33840ecccf26165c4a97a6b24e727622b5ede65bcd92788e23a0ed332183,217,0a056ec78303c65af9dcccfc38bede91e687f3cc1ea3eb50d0d3c6a7bc912db9,cf6e0b4d4de01f47f5ac369d2eb781d4f248a289bc326c0dc897fd9d90bba78f,ffc6be3f07ee14bd3f22bd56bcea8e9abd556d48c6a24171d4af6e2d3a425b0d,2026-09-30T17:33:58Z
SubmitPartialDecryption,0,4f7f820be0d143fbc17f636820869d0c40aa9118ccfe14931e8de7669c47a61b,217,0a056ec78303c65af9dcccfc38bede91e687f3cc1ea3eb50d0d3c6a7bc912db9,cf6e0b4d4de01f47f5ac369d2eb781d4f248a289bc326c0dc897fd9d90bba78f,ffc6be3f07ee14bd3f22bd56bcea8e9abd556d48c6a24171d4af6e2d3a425b0d,2026-09-30T17:33:58Z
SubmitPartialDecryption,5,624542d0cb5c69b3846a202b80a2060b126fec2c73f7b112a2f85e7c47d5c45a,217,0a056ec78303c65af9dcccfc38bede91e687f3cc1ea3eb50d0d3c6a7bc912db9,cf6e0b4d4de01f47f5ac369d2eb781d4f248a289bc326c0dc897fd9d90bba78f,ffc6be3f07ee14bd3f22bd56bcea8e9abd556d48c6a24171d4af6e2d3a425b0d,2026-09-30T17:33:58Z
SubmitPartialDecryption,4,f01fc0acfbba87e254c65947e373c381f1cb6c22c8a0dbc7c878fa48f7143370,217,0a056ec78303c65af9dcccfc38bede91e687f3cc1ea3eb50d0d3c6a7bc912db9,cf6e0b4d4de01f47f5ac369d2eb781d4f248a289bc326c0dc897fd9d90bba78f,ffc6be3f07ee14bd3f22bd56bcea8e9abd556d48c6a24171d4af6e2d3a425b0d,2026-09-30T17:33:58Z
SubmitPartialDecryption,9,27c61449d415233b915dd5b0f6482552543d23472566da461b8c850c8757faf0,217,0a056ec78303c65af9dcccfc38bede91e687f3cc1ea3eb50d0d3c6a7bc912db9,cf6e0b4d4de01f47f5ac369d2eb781d4f248a289bc326c0dc897fd9d90bba78f,ffc6be3f07ee14bd3f22bd56bcea8e9abd556d48c6a24171d4af6e2d3a425b0d,2026-09-30T17:33:58Z
SubmitPartialDecryption,2,05812afc8c33c8d6de7cb879728fe67dfb9e7d317b3df29b3cbf5b1fde1a1d15,217,0a056ec78303c65af9dcccfc38bede91e687f3cc1ea3eb50d0d3c6a7bc912db9,cf6e0b4d4de01f47f5ac369d2eb781d4f248a289bc326c0dc897fd9d90bba78f,ffc6be3f07ee14bd3f22bd56bcea8e9abd556d48c6a24171d4af6e2d3a425b0d,2026-09-30T17:33:58Z
SubmitPartialDecryption,3,b8800e3ac6fb8d6f3d90ec10f61a2d603d696ff36357c536dcb324e01094a074,217,0a056ec78303c65af9dcccfc38bede91e687f3cc1ea3eb50d0d3c6a7bc912db9,cf6e0b4d4de01f47f5ac369d2eb781d4f248a289bc326c0dc897fd9d90bba78f,ffc6be3f07ee14bd3f22bd56bcea8e9abd556d48c6a24171d4af6e2d3a425b0d,2026-09-30T17:33:58Z
SubmitPartialDecryption,13,40ea38b0bdf37ef76bb7744c739819934c9bba35feacc2a885a96330be0c2b0b,217,0a056ec78303c65af9dcccfc38bede91e687f3cc1ea3eb50d0d3c6a7bc912db9,cf6e0b4d4de01f47f5ac369d2eb781d4f248a289bc326c0dc897fd9d90bba78f,ffc6be3f07ee14bd3f22bd56bcea8e9abd556d48c6a24171d4af6e2d3a425b0d,2026-09-30T17:33:58Z
SubmitPartialDecryption,8,d5c655922462bf83c82de49a91ad845085393212182d2dfa3a0631ac6aa47936,217,0a056ec78303c65af9dcccfc38bede91e687f3cc1ea3eb50d0d3c6a7bc912db9,cf6e0b4d4de01f47f5ac369d2eb781d4f248a289bc326c0dc897fd9d90bba78f,ffc6be3f07ee14bd3f22bd56bcea8e9abd556d48c6a24171d4af6e2d3a425b0d,2026-09-30T17:33:58Z
SubmitPartialDecryption,6,0ff95e8ca8fb7649e520b296e16ddd461c7ab72a8c3a9a7e07225c0656ba2833,217,0a056ec78303c65af9dcccfc38bede91e687f3cc1ea3eb50d0d3c6a7bc912db9,cf6e0b4d4de01f47f5ac369d2eb781d4f248a289bc326c0dc897fd9d90bba78f,ffc6be3f07ee14bd3f22bd56bcea8e9abd556d48c6a24171d4af6e2d3a425b0d,2026-09-30T17:33:58Z
SubmitPartialDecryption,1,19a1df968aabfb8bee47695b61b584ed660b46709314df4fdcc23439eac4efd8,217,0a056ec78303c65af9dcccfc38bede91e687f3cc1ea3eb50d0d3c6a7bc912db9,cf6e0b4d4de01f47f5ac369d2eb781d4f248a289bc326c0dc897fd9d90bba78f,ffc6be3f07ee14bd3f22bd56bcea8e9abd556d48c6a24171d4af6e2d3a425b0d,2026-09-30T17:33:58Z
SubmitPartialDecryption,14,b0ee324ed44635903feaf095a3207a1a232cb39c9d3af63fcb62076c2d2424d0,217,0a056ec78303c65af9dcccfc38bede91e687f3cc1ea3eb50d0d3c6a7bc912db9,cf6e0b4d4de01f47f5ac369d2eb781d4f248a289bc326c0dc897fd9d90bba78f,ffc6be3f07ee14bd3f22bd56bcea8e9abd556d48c6a24171d4af6e2d3a425b0d,2026-09-30T17:33:58Z
SubmitPartialDecryption,7,fcb9c9335dac191f42fd942044b0eb906990f0b6fa22925f63384b7b2ab32b16,217,0a056ec78303c65af9dcccfc38bede91e687f3cc1ea3eb50d0d3c6a7bc912db9,cf6e0b4d4de01f47f5ac369d2eb781d4f248a289bc326c0dc897fd9d90bba78f,ffc6be3f07ee14bd3f22bd56bcea8e9abd556d48c6a24171d4af6e2d3a425b0d,2026-09-30T17:33:58Z
SubmitPartialDecryption,10,b09eaa241bf74c7262ca97f336b2cbde96994f20006b796a18cea98031e40a60,217,0a056ec78303c65af9dcccfc38bede91e687f3cc1ea3eb50d0d3c6a7bc912db9,cf6e0b4d4de01f47f5ac369d2eb781d4f248a289bc326c0dc897fd9d90bba78f,ffc6be3f07ee14bd3f22bd56bcea8e9abd556d48c6a24171d4af6e2d3a425b0d,2026-09-30T17:33:58Z
SubmitPartialDecryption,25,6d4201b4c7c137e638335886dace2d9ab93cd5ec0733f3bd6e16af76328b7b49,218,df890f257da8e38891d0f21fab855c6c615cf89942db907cb4b3442dd4deb9f0,84e5341d5f217402b09b055270471d87f37731cbdc628d2fcfd088a1524d826c,0a056ec78303c65af9dcccfc38bede91e687f3cc1ea3eb50d0d3c6a7bc912db9,2026-09-30T17:34:00Z
SubmitPartialDecryption,30,96fb5782416a95fece4115fd01271dc5680f962dc43c29c65f466c839675c5c2,218,df890f257da8e38891d0f21fab855c6c615cf89942db907cb4b3442dd4deb9f0,84e5341d5f217402b09b055270471d87f37731cbdc628d2fcfd088a1524d826c,0a056ec78303c65af9dcccfc38bede91e687f3cc1ea3eb50d0d3c6a7bc912db9,2026-09-30T17:34:00Z
SubmitPartialDecryption,20,36aeee1c7aa2d3fdbdb5134f15e3c9a71505c78837f4ce267b499a94bed2eaeb,218,df890f257da8e38891d0f21fab855c6c615cf89942db907cb4b3442dd4deb9f0,84e5341d5f217402b09b055270471d87f37731cbdc628d2fcfd088a1524d826c,0a056ec78303c65af9dcccfc38bede91e687f3cc1ea3eb50d0d3c6a7bc912db9,2026-09-30T17:34:00Z
SubmitPartialDecryption,31,1b01eed607b302b906728485301ad27ad47631fd7ef5030e31b1c6023e1b434c,218,df890f257da8e38891d0f21fab855c6c615cf89942db907cb4b3442dd4deb9f0,84e5341d5f217402b09b055270471d87f37731cbdc628d2fcfd088a1524d826c,0a056ec78303c65af9dcccfc38bede91e687f3cc1ea3eb50d0d3c6a7bc912db9,2026-09-30T17:34:00Z
SubmitPartialDecryption,17,274b2062d9f5f3d75b2ff773f425bc5fae40d4c60ca44354b8595f848e159b42,218,df890f257da8e38891d0f21fab855c6c615cf89942db907cb4b3442dd4deb9f0,84e5341d5f217402b09b055270471d87f37731cbdc628d2fcfd088a1524d826c,0a056ec78303c65af9dcccfc38bede91e687f3cc1ea3eb50d0d3c6a7bc912db9,2026-09-30T17:34:00Z
SubmitPartialDecryption,24,b316c84c1140959aeaa788224603308c8b74c9c0ca458e28558744c6077bb0e4,218,df890f257da8e38891d0f21fab855c6c615cf89942db907cb4b3442dd4deb9f0,84e5341d5f217402b09b055270471d87f37731cbdc628d2fcfd088a1524d826c,0a056ec78303c65af9dcccfc38bede91e687f3cc1ea3eb50d0d3c6a7bc912db9,2026-09-30T17:34:00Z
SubmitPartialDecryption,26,3950fbb38835ee0a68a2ddf1b3ff91739b79ef8d38ab89e0642258200adbc5d5,218,df890f257da8e38891d0f21fab855c6c615cf89942db907cb4b3442dd4deb9f0,84e5341d5f217402b09b055270471d87f37731cbdc628d2fcfd088a1524d826c,0a056ec78303c65af9dcccfc38bede91e687f3cc1ea3eb50d0d3c6a7bc912db9,2026-09-30T17:34:00Z
SubmitPartialDecryption,27,9b6b35aa4974b26697eca48d27a2422ec5c61035b237ff729a8d043ad39a6c87,218,df890f257da8e38891d0f21fab855c6c615cf89942db907cb4b3442dd4deb9f0,84e5341d5f217402b09b055270471d87f37731cbdc628d2fcfd088a1524d826c,0a056ec78303c65af9dcccfc38bede91e687f3cc1ea3eb50d0d3c6a7bc912db9,2026-09-30T17:34:00Z
SubmitPartialDecryption,19,89ae592f84d9a422a460bb4d13d9ad0021cc34cea1ab140929e9ff7e01dc71b3,218,df890f257da8e38891d0f21fab855c6c615cf89942db907cb4b3442dd4deb9f0,84e5341d5f217402b09b055270471d87f37731cbdc628d2fcfd088a1524d826c,0a056ec78303c65af9dcccfc38bede91e687f3cc1ea3eb50d0d3c6a7bc912db9,2026-09-30T17:34:00Z
SubmitPartialDecryption,29,f0448603360dad84d11314df0383e4e09afcb5cc6bf06c25d91a6c97ff48c94e,218,df890f257da8e38891d0f21fab855c6c615cf89942db907cb4b3442dd4deb9f0,84e5341d5f217402b09b055270471d87f37731cbdc628d2fcfd088a1524d826c,0a056ec78303c65af9dcccfc38bede91e687f3cc1ea3eb50d0d3c6a7bc912db9,2026-09-30T17:34:00Z
SubmitPartialDecryption,18,bc6f7c8cb265a5f3b4e5c364dfde5c3810b0bf303756ee0f95e2a95c51e3a878,218,df890f257da8e38891d0f21fab855c6c615cf89942db907cb4b3442dd4deb9f0,84e5341d5f217402b09b055270471d87f37731cbdc628d2fcfd088a1524d826c,0a056ec78303c65af9dcccfc38bede91e687f3cc1ea3eb50d0d3c6a7bc912db9,2026-09-30T17:34:00Z
SubmitPartialDecryption,16,99e89d2194db2e8428db35399540d83a4649acb39229fb6d6bf9ded5e21b0c5b,218,df890f257da8e38891d0f21fab855c6c615cf89942db907cb4b3442dd4deb9f0,84e5341d5f217402b09b055270471d87f37731cbdc628d2fcfd088a1524d826c,0a056ec78303c65af9dcccfc38bede91e687f3cc1ea3eb50d0d3c6a7bc912db9,2026-09-30T17:34:00Z
SubmitPartialDecryption,21,31a4f9ea86e267fa90e7bc30a04d8488018e3e7056bf10a1bd9bd291c5528ff0,218,df890f257da8e38891d0f21fab855c6c615cf89942db907cb4b3442dd4deb9f0,84e5341d5f217402b09b055270471d87f37731cbdc628d2fcfd088a1524d826c,0a056ec78303c65af9dcccfc38bede91e687f3cc1ea3eb50d0d3c6a7bc912db9,2026-09-30T17:34:00Z
SubmitPartialDecryption,22,7aca4f83809f1bf3c6ed199c900c5bc80f1511c0446f4224f5b96b2a0900b53f,218,df890f257da8e38891d0f21fab855c6c615cf89942db907cb4b3442dd4deb9f0,84e5341d5f217402b09b055270471d87f37731cbdc628d2fcfd088a1524d826c,0a056ec78303c65af9dcccfc38bede91e687f3cc1ea3eb50d0d3c6a7bc912db9,2026-09-30T17:34:00Z
SubmitPartialDecryption,23,b8dc83e0d16c8308cd334b3db77d88ab70335c99cafb620fd75e3281627befeb,218,df890f257da8e38891d0f21fab855c6c615cf89942db907cb4b3442dd4deb9f0,84e5341d5f217402b09b055270471d87f37731cbdc628d2fcfd088a1524d826c,0a056ec78303c65af9dcccfc38bede91e687f3cc1ea3eb50d0d3c6a7bc912db9,2026-09-30T17:34:00Z
SubmitPartialDecryption,28,c6f2ead70035619a5c311305d09f31ca262911f3040f96a45242e51bce3f7957,218,df890f257da8e38891d0f21fab855c6c615cf89942db907cb4b3442dd4deb9f0,84e5341d5f217402b09b055270471d87f37731cbdc628d2fcfd088a1524d826c,0a056ec78303c65af9dcccfc38bede91e687f3cc1ea3eb50d0d3c6a7bc912db9,2026-09-30T17:34:00Z
SubmitPartialDecryption,37,097e9d5bf7a80545597ea11dc453a2d48ca338c617c1c0e41cb3e326e1e11af9,219,f098971830481d1ad5de39fc3e2fee28883cfab7491808a1b4b040a54c999548,9b32fa1b1e5820aa9fe41eff3b88a5b592258d96b0855de600617f4d020033b2,df890f257da8e38891d0f21fab855c6c615cf89942db907cb4b3442dd4deb9f0,2026-09-30T17:34:02Z
SubmitPartialDecryption,32,e1f43d5cc71dd25d04b83fba1886579f456bf897ecc412ad02d629b67f267225,219,f098971830481d1ad5de39fc3e2fee28883cfab7491808a1b4b040a54c999548,9b32fa1b1e5820aa9fe41eff3b88a5b592258d96b0855de600617f4d020033b2,df890f257da8e38891d0f21fab855c6c615cf89942db907cb4b3442dd4deb9f0,2026-09-30T17:34:02Z
SubmitPartialDecryption,39,f6616fa3b31c826dd2503e99413e3d71d6e7819ccd0f64efae4ca3a32d2483c1,219,f098971830481d1ad5de39fc3e2fee28883cfab7491808a1b4b040a54c999548,9b32fa1b1e5820aa9fe41eff3b88a5b592258d96b0855de600617f4d020033b2,df890f257da8e38891d0f21fab855c6c615cf89942db907cb4b3442dd4deb9f0,2026-09-30T17:34:02Z
SubmitPartialDecryption,43,7b0a236baef058049894f97e08f786d5bae6892ee9cd0e34987d664b0adead71,219,f098971830481d1ad5de39fc3e2fee28883cfab7491808a1b4b040a54c999548,9b32fa1b1e5820aa9fe41eff3b88a5b592258d96b0855de600617f4d020033b2,df890f257da8e38891d0f21fab855c6c615cf89942db907cb4b3442dd4deb9f0,2026-09-30T17:34:02Z
SubmitPartialDecryption,34,5d749efc9477185d2a449e8c3e92ccb56837291df4cb2a676bbbf94bb84f68c0,219,f098971830481d1ad5de39fc3e2fee28883cfab7491808a1b4b040a54c999548,9b32fa1b1e5820aa9fe41eff3b88a5b592258d96b0855de600617f4d020033b2,df890f257da8e38891d0f21fab855c6c615cf89942db907cb4b3442dd4deb9f0,2026-09-30T17:34:02Z
SubmitPartialDecryption,38,81781e9ad3a64452e2e37d82388b130f5f8540df1be846983ad35353b25e99df,219,f098971830481d1ad5de39fc3e2fee28883cfab7491808a1b4b040a54c999548,9b32fa1b1e5820aa9fe41eff3b88a5b592258d96b0855de600617f4d020033b2,df890f257da8e38891d0f21fab855c6c615cf89942db907cb4b3442dd4deb9f0,2026-09-30T17:34:02Z
SubmitPartialDecryption,36,0df1e468e75aa399cdbc6daf412429704dbe5688288faddc01d7173d3ac810e0,219,f098971830481d1ad5de39fc3e2fee28883cfab7491808a1b4b040a54c999548,9b32fa1b1e5820aa9fe41eff3b88a5b592258d96b0855de600617f4d020033b2,df890f257da8e38891d0f21fab855c6c615cf89942db907cb4b3442dd4deb9f0,2026-09-30T17:34:02Z
SubmitPartialDecryption,40,d8d19b75309893779fbe60e83c22c244b1285c61ef76b5719ea7b3b2bb55c467,219,f098971830481d1ad5de39fc3e2fee28883cfab7491808a1b4b040a54c999548,9b32fa1b1e5820aa9fe41eff3b88a5b592258d96b0855de600617f4d020033b2,df890f257da8e38891d0f21fab855c6c615cf89942db907cb4b3442dd4deb9f0,2026-09-30T17:34:02Z
SubmitPartialDecryption,33,d0a4229c8576bd2b4f19111ae8757483f3482b0e1ad188e60450fe8034676672,219,f098971830481d1ad5de39fc3e2fee28883cfab7491808a1b4b040a54c999548,9b32fa1b1e5820aa9fe41eff3b88a5b592258d96b0855de600617f4d020033b2,df890f257da8e38891d0f21fab855c6c615cf89942db907cb4b3442dd4deb9f0,2026-09-30T17:34:02Z
SubmitPartialDecryption,42,9a24165a26a7c62d1fe1a451d6f46d455ff8b4100e0c3327d2c5a9e594bc60f3,219,f098971830481d1ad5de39fc3e2fee28883cfab7491808a1b4b040a54c999548,9b32fa1b1e5820aa9fe41eff3b88a5b592258d96b0855de600617f4d020033b2,df890f257da8e38891d0f21fab855c6c615cf89942db907cb4b3442dd4deb9f0,2026-09-30T17:34:02Z
SubmitPartialDecryption,46,945f1c58079a900085d39f9b4be3f1b3dba804b14b91434c599ca7b25fa3fd5b,219,f098971830481d1ad5de39fc3e2fee28883cfab7491808a1b4b040a54c999548,9b32fa1b1e5820aa9fe41eff3b88a5b592258d96b0855de600617f4d020033b2,df890f257da8e38891d0f21fab855c6c615cf89942db907cb4b3442dd4deb9f0,2026-09-30T17:34:02Z
SubmitPartialDecryption,47,686776ab63168bdc285d404a431c28a876b4502d281151b0c6b8b3d722216e55,219,f098971830481d1ad5de39fc3e2fee28883cfab7491808a1b4b040a54c999548,9b32fa1b1e5820aa9fe41eff3b88a5b592258d96b0855de600617f4d020033b2,df890f257da8e38891d0f21fab855c6c615cf89942db907cb4b3442dd4deb9f0,2026-09-30T17:34:02Z
SubmitPartialDecryption,35,3be91e3cf0c1b4a20015174626240d9b082db464ebefd3993ed3fa4668d7890b,219,f098971830481d1ad5de39fc3e2fee28883cfab7491808a1b4b040a54c999548,9b32fa1b1e5820aa9fe41eff3b88a5b592258d96b0855de600617f4d020033b2,df890f257da8e38891d0f21fab855c6c615cf89942db907cb4b3442dd4deb9f0,2026-09-30T17:34:02Z
SubmitPartialDecryption,41,674867dfc7ed49a02ade55caea24d7146e26a11c93cfd1e275d322e383f4a2ef,219,f098971830481d1ad5de39fc3e2fee28883cfab7491808a1b4b040a54c999548,9b32fa1b1e5820aa9fe41eff3b88a5b592258d96b0855de600617f4d020033b2,df890f257da8e38891d0f21fab855c6c615cf89942db907cb4b3442dd4deb9f0,2026-09-30T17:34:02Z
SubmitPartialDecryption,44,3da89c526605b15c3fcf1892fb58781603fec0d21c63a0f6009134315f2c83ff,219,f098971830481d1ad5de39fc3e2fee28883cfab7491808a1b4b040a54c999548,9b32fa1b1e5820aa9fe41eff3b88a5b592258d96b0855de600617f4d020033b2,df890f257da8e38891d0f21fab855c6c615cf89942db907cb4b3442dd4deb9f0,2026-09-30T17:34:02Z
SubmitPartialDecryption,45,2d3b496da310c67872d8646485d7b9610b4293db7b091657a22d17263eeb4b95,219,f098971830481d1ad5de39fc3e2fee28883cfab7491808a1b4b040a54c999548,9b32fa1b1e5820aa9fe41eff3b88a5b592258d96b0855de600617f4d020033b2,df890f257da8e38891d0f21fab855c6c615cf89942db907cb4b3442dd4deb9f0,2026-09-30T17:34:02Z
SubmitPartialDecryption,51,1e0223c9bb329244375c44f9cd85b23e50727a6393c5b8666426291d22aa3f5a,220,d8e492155f1629582d31f97e89a2ea2575976ad760d4f4c4076bcbcdb526a8bf,e8d8dfa77e1a2364d36b7f456656b0841ee7cadac028a8c6eb535ca389b9740e,f098971830481d1ad5de39fc3e2fee28883cfab7491808a1b4b040a54c999548,2026-09-30T17:34:04Z
SubmitPartialDecryption,57,45f688c6e7894104b61ea0ba3620d46db8f41593a8bdec2736b660eb52272115,220,d8e492155f1629582d31f97e89a2ea2575976ad760d4f4c4076bcbcdb526a8bf,e8d8dfa77e1a2364d36b7f456656b0841ee7cadac028a8c6eb535ca389b9740e,f098971830481d1ad5de39fc3e2fee28883cfab7491808a1b4b040a54c999548,2026-09-30T17:34:04Z
SubmitPartialDecryption,59,48eb2d47a77efbb541fa275be5e3e2f101ff1378cad3f0efc1dac67aca042063,220,d8e492155f1629582d31f97e89a2ea2575976ad760d4f4c4076bcbcdb526a8bf,e8d8dfa77e1a2364d36b7f456656b0841ee7cadac028a8c6eb535ca389b9740e,f098971830481d1ad5de39fc3e2fee28883cfab7491808a1b4b040a54c999548,2026-09-30T17:34:04Z
SubmitPartialDecryption,63,4eafb29bcea051198cfdd83269bc6781605eb66b9a9eeba98b7bb1a836a5a2d2,220,d8e492155f1629582d31f97e89a2ea2575976ad760d4f4c4076bcbcdb526a8bf,e8d8dfa77e1a2364d36b7f456656b0841ee7cadac028a8c6eb535ca389b9740e,f098971830481d1ad5de39fc3e2fee28883cfab7491808a1b4b040a54c999548,2026-09-30T17:34:04Z
SubmitPartialDecryption,49,be58137e214320f9c3bb5b383b3df8f79e333403f02b750da3377d80e3532762,220,d8e492155f1629582d31f97e89a2ea2575976ad760d4f4c4076bcbcdb526a8bf,e8d8dfa77e1a2364d36b7f456656b0841ee7cadac028a8c6eb535ca389b9740e,f098971830481d1ad5de39fc3e2fee28883cfab7491808a1b4b040a54c999548,2026-09-30T17:34:04Z
SubmitPartialDecryption,56,269ae24009b4b3ee9fdb40c97c7ea093a8b8a5fe4445b83a9be2fd31b6e3ddfc,220,d8e492155f1629582d31f97e89a2ea2575976ad760d4f4c4076bcbcdb526a8bf,e8d8dfa77e1a2364d36b7f456656b0841ee7cadac028a8c6eb535ca389b9740e,f098971830481d1ad5de39fc3e2fee28883cfab7491808a1b4b040a54c999548,2026-09-30T17:34:04Z
SubmitPartialDecryption,50,12f64867feead316c194dddc93b46e3a9db11d036884aab95a8710d22df79b98,220,d8e492155f1629582d31f97e89a2ea2575976ad760d4f4c4076bcbcdb526a8bf,e8d8dfa77e1a2364d36b7f456656b0841ee7cadac028a8c6eb535ca389b9740e,f098971830481d1ad5de39fc3e2fee28883cfab7491808a1b4b040a54c999548,2026-09-30T17:34:04Z
SubmitPartialDecryption,54,22a45cdc79bd160a89c6738a8373f39c04683559356d9ec4ebe73f20b032a5a4,220,d8e492155f1629582d31f97e89a2ea2575976ad760d4f4c4076bcbcdb526a8bf,e8d8dfa77e1a2364d36b7f456656b0841ee7cadac028a8c6eb535ca389b9740e,f098971830481d1ad5de39fc3e2fee28883cfab7491808a1b4b040a54c999548,2026-09-30T17:34:04Z
SubmitPartialDecryption,62,b8927997e640fde189e0bbea0b5719770feb47467c4ca1b2430f739cbc48dfac,220,d8e492155f1629582d31f97e89a2ea2575976ad760d4f4c4076bcbcdb526a8bf,e8d8dfa77e1a2364d36b7f456656b0841ee7cadac028a8c6eb535ca389b9740e,f098971830481d1ad5de39fc3e2fee28883cfab7491808a1b4b040a54c999548,2026-09-30T17:34:04Z
SubmitPartialDecryption,52,476ce89ab0e5d301cf40da41cd421f5109fb03bb2b0a1e98145c5c78507bdd82,220,d8e492155f1629582d31f97e89a2ea2575976ad760d4f4c4076bcbcdb526a8bf,e8d8dfa77e1a2364d36b7f456656b0841ee7cadac028a8c6eb535ca389b9740e,f098971830481d1ad5de39fc3e2fee28883cfab7491808a1b4b040a54c999548,2026-09-30T17:34:04Z
SubmitPartialDecryption,55,0dfc74d42a0869003b87add678413303dded5553c0b96315a93ad631b3a42a41,220,d8e492155f1629582d31f97e89a2ea2575976ad760d4f4c4076bcbcdb526a8bf,e8d8dfa77e1a2364d36b7f456656b0841ee7cadac028a8c6eb535ca389b9740e,f098971830481d1ad5de39fc3e2fee28883cfab7491808a1b4b040a54c999548,2026-09-30T17:34:04Z
SubmitPartialDecryption,53,bf5ce35d75253e6909a8bb641e61251f9db2a35313c94ab20538e7f6dd0ba1bc,220,d8e492155f1629582d31f97e89a2ea2575976ad760d4f4c4076bcbcdb526a8bf,e8d8dfa77e1a2364d36b7f456656b0841ee7cadac028a8c6eb535ca389b9740e,f098971830481d1ad5de39fc3e2fee28883cfab7491808a1b4b040a54c999548,2026-09-30T17:34:04Z
SubmitPartialDecryption,60,38ecb55a799d99799f0c27b80828b7ac2c883786afa402c8a57e55db0f52582d,220,d8e492155f1629582d31f97e89a2ea2575976ad760d4f4c4076bcbcdb526a8bf,e8d8dfa77e1a2364d36b7f456656b0841ee7cadac028a8c6eb535ca389b9740e,f098971830481d1ad5de39fc3e2fee28883cfab7491808a1b4b040a54c999548,2026-09-30T17:34:04Z
SubmitPartialDecryption,48,7cfde25023c9af00fd9a5d9d22c9a15cf6055a4b3aee4ca13112a6c408d80b3a,220,d8e492155f1629582d31f97e89a2ea2575976ad760d4f4c4076bcbcdb526a8bf,e8d8dfa77e1a2364d36b7f456656b0841ee7cadac028a8c6eb535ca389b9740e,f098971830481d1ad5de39fc3e2fee28883cfab7491808a1b4b040a54c999548,2026-09-30T17:34:04Z
SubmitPartialDecryption,61,3af93de7264d6d715e9f1bdc9e71859f38e2e78afbe38052f2708a09cbb96768,220,d8e492155f1629582d31f97e89a2ea2575976ad760d4f4c4076bcbcdb526a8bf,e8d8dfa77e1a2364d36b7f456656b0841ee7cadac028a8c6eb535ca389b9740e,f098971830481d1ad5de39fc3e2fee28883cfab7491808a1b4b040a54c999548,2026-09-30T17:34:04Z
SubmitPartialDecryption,58,ef6e419a94fcc5b695b14bea2e1be5a1062b3be10f443c3bd7e66520790e5e20,220,d8e492155f1629582d31f97e89a2ea2575976ad760d4f4c4076bcbcdb526a8bf,e8d8dfa77e1a2364d36b7f456656b0841ee7cadac028a8c6eb535ca389b9740e,f098971830481d1ad5de39fc3e2fee28883cfab7491808a1b4b040a54c999548,2026-09-30T17:34:04Z
SubmitPartialDecryption,75,53611ca014a7380df3c1b482ee1d8bd0c9aeb856c6d76a58af7b197eb29655b7,221,20329890920a5b712ff928d6ca9fb31ff2a36b870bacc0076c94259952707fb0,8b3a8ffe05728e2a2257167f67241401ad7b5fdfd829dcca57f9b76d8a296939,d8e492155f1629582d31f97e89a2ea2575976ad760d4f4c4076bcbcdb526a8bf,2026-09-30T17:34:06Z
SubmitPartialDecryption,66,198447927b679feb2db5367be8da3a427593a998f03de8f1b07911a4314676c3,221,20329890920a5b712ff928d6ca9fb31ff2a36b870bacc0076c94259952707fb0,8b3a8ffe05728e2a2257167f67241401ad7b5fdfd829dcca57f9b76d8a296939,d8e492155f1629582d31f97e89a2ea2575976ad760d4f4c4076bcbcdb526a8bf,2026-09-30T17:34:06Z
SubmitPartialDecryption,73,ff80e381c1e4db8b5ee522ca5aa94ff68fabb516fd1330c86661bc5845511436,221,20329890920a5b712ff928d6ca9fb31ff2a36b870bacc0076c94259952707fb0,8b3a8ffe05728e2a2257167f67241401ad7b5fdfd829dcca57f9b76d8a296939,d8e492155f1629582d31f97e89a2ea2575976ad760d4f4c4076bcbcdb526a8bf,2026-09-30T17:34:06Z
SubmitPartialDecryption,68,b03615c9764fef0927fec6cfa575abe42cf9cba11476772f4b750edd0bc8715c,221,20329890920a5b712ff928d6ca9fb31ff2a36b870bacc0076c94259952707fb0,8b3a8ffe05728e2a2257167f67241401ad7b5fdfd829dcca57f9b76d8a296939,d8e492155f1629582d31f97e89a2ea2575976ad760d4f4c4076bcbcdb526a8bf,2026-09-30T17:34:06Z
SubmitPartialDecryption,65,acaa8a0c8073e83ffa72ddfb821224f3eeeae19c535629cb6decb1bca35c0cf9,221,20329890920a5b712ff928d6ca9fb31ff2a36b870bacc0076c94259952707fb0,8b3a8ffe05728e2a2257167f67241401ad7b5fdfd829dcca57f9b76d8a296939,d8e492155f1629582d31f97e89a2ea2575976ad760d4f4c4076bcbcdb526a8bf,2026-09-30T17:34:06Z
SubmitPartialDecryption,70,4cf9e457e11fbbdbbff04784540f2e140b4cb693304f191b854a70f30b6f50f1,221,20329890920a5b712ff928d6ca9fb31ff2a36b870bacc0076c94259952707fb0,8b3a8ffe05728e2a2257167f67241401ad7b5fdfd829dcca57f9b76d8a296939,d8e492155f1629582d31f97e89a2ea2575976ad760d4f4c4076bcbcdb526a8bf,2026-09-30T17:34:06Z
SubmitPartialDecryption,79,1ba04504fc0c2067bd6d8aad8c6f269cbcbe8d6a079f191eb89e8ff403c6de70,221,20329890920a5b712ff928d6ca9fb31ff2a36b870bacc0076c94259952707fb0,8b3a8ffe05728e2a2257167f67241401ad7b5fdfd829dcca57f9b76d8a296939,d8e492155f1629582d31f97e89a2ea2575976ad760d4f4c4076bcbcdb526a8bf,2026-09-30T17:34:06Z
SubmitPartialDecryption,76,b842f59ae0447e61969a17fbc27c0a6b8d6f6486fd69e038abb4d7ffac4aa365,221,20329890920a5b712ff928d6ca9fb31ff2a36b870bacc0076c94259952707fb0,8b3a8ffe05728e2a2257167f67241401ad7b5fdfd829dcca57f9b76d8a296939,d8e492155f1629582d31f97e89a2ea2575976ad760d4f4c4076bcbcdb526a8bf,2026-09-30T17:34:06Z
SubmitPartialDecryption,77,12e1c6bb388151fd031561536dd349503863d56e37473e999a259a32bc264f15,221,20329890920a5b712ff928d6ca9fb31ff2a36b870bacc0076c94259952707fb0,8b3a8ffe05728e2a2257167f67241401ad7b5fdfd829dcca57f9b76d8a296939,d8e492155f1629582d31f97e89a2ea2575976ad760d4f4c4076bcbcdb526a8bf,2026-09-30T17:34:06Z
SubmitPartialDecryption,67,d40d9073da81fb4c910f963e7e0c6eb3a5cd6d8b2eb3d7270a117e690a1e65cc,221,20329890920a5b712ff928d6ca9fb31ff2a36b870bacc0076c94259952707fb0,8b3a8ffe05728e2a2257167f67241401ad7b5fdfd829dcca57f9b76d8a296939,d8e492155f1629582d31f97e89a2ea2575976ad760d4f4c4076bcbcdb526a8bf,2026-09-30T17:34:06Z
SubmitPartialDecryption,71,26d70adbe4d1ff070f653b3c51db13eb494c9389ecab753ed11e5b880b7e41a0,221,20329890920a5b712ff928d6ca9fb31ff2a36b870bacc0076c94259952707fb0,8b3a8ffe05728e2a2257167f67241401ad7b5fdfd829dcca57f9b76d8a296939,d8e492155f1629582d31f97e89a2ea2575976ad760d4f4c4076bcbcdb526a8bf,2026-09-30T17:34:06Z
SubmitPartialDecryption,72,c3d4842e9bff21e2a0486ff79161905a53aadfa89de006e5be3d2d56898a5de2,221,20329890920a5b712ff928d6ca9fb31ff2a36b870bacc0076c94259952707fb0,8b3a8ffe05728e2a2257167f67241401ad7b5fdfd829dcca57f9b76d8a296939,d8e492155f1629582d31f97e89a2ea2575976ad760d4f4c4076bcbcdb526a8bf,2026-09-30T17:34:06Z
SubmitPartialDecryption,64,61909d8c5bf836b634ef839375782ae9681428272de9d9a9b06a676c83a54ca7,221,20329890920a5b712ff928d6ca9fb31ff2a36b870bacc0076c94259952707fb0,8b3a8ffe05728e2a2257167f67241401ad7b5fdfd829dcca57f9b76d8a296939,d8e492155f1629582d31f97e89a2ea2575976ad760d4f4c4076bcbcdb526a8bf,2026-09-30T17:34:06Z
SubmitPartialDecryption,78,205d1dea31302c2ac61a33b3d372841a836dfdc76046fb46d8c1a0500dd22838,221,20329890920a5b712ff928d6ca9fb31ff2a36b870bacc0076c94259952707fb0,8b3a8ffe05728e2a2257167f67241401ad7b5fdfd829dcca57f9b76d8a296939,d8e492155f1629582d31f97e89a2ea2575976ad760d4f4c4076bcbcdb526a8bf,2026-09-30T17:34:06Z
SubmitPartialDecryption,74,5789fcfd1d83e3759eec79ac4fecba37a17b9dd2e20234e5089bbf451a4ff077,221,20329890920a5b712ff928d6ca9fb31ff2a36b870bacc0076c94259952707fb0,8b3a8ffe05728e2a2257167f67241401ad7b5fdfd829dcca57f9b76d8a296939,d8e492155f1629582d31f97e89a2ea2575976ad760d4f4c4076bcbcdb526a8bf,2026-09-30T17:34:06Z
SubmitPartialDecryption,69,c3014ac53e8bd5a97505f5abb2b6a5b03abfdc0ca09deadc56765d650bd5b474,221,20329890920a5b712ff928d6ca9fb31ff2a36b870bacc0076c94259952707fb0,8b3a8ffe05728e2a2257167f67241401ad7b5fdfd829dcca57f9b76d8a296939,d8e492155f1629582d31f97e89a2ea2575976ad760d4f4c4076bcbcdb526a8bf,2026-09-30T17:34:06Z
SubmitPartialDecryption,81,bbae1c34f81ef57dbed99c628fe71a982ec1ce9dc154aebd6cc83e96a80aaada,222,414539fecc2203d4ef8e4e15b062044a32d1ada486c51eaf601b7e147c0170e0,ab2118257550a55b915c251d7ee4aac43a92b06a2c00d7c7fb799663eb9bdb5f,20329890920a5b712ff928d6ca9fb31ff2a36b870bacc0076c94259952707fb0,2026-09-30T17:34:08Z
SubmitPartialDecryption,83,9805d83927e5f4a965948cc1c23a2c565e9bb768a7ee37e9314556b23c2a8a59,222,414539fecc2203d4ef8e4e15b062044a32d1ada486c51eaf601b7e147c0170e0,ab2118257550a55b915c251d7ee4aac43a92b06a2c00d7c7fb799663eb9bdb5f,20329890920a5b712ff928d6ca9fb31ff2a36b870bacc0076c94259952707fb0,2026-09-30T17:34:08Z
SubmitPartialDecryption,85,5ab75911acd29a47b8ca3681d8aeeb30ba6b0b04c75b02e6f044edc40d66ee56,222,414539fecc2203d4ef8e4e15b062044a32d1ada486c51eaf601b7e147c0170e0,ab2118257550a55b915c251d7ee4aac43a92b06a2c00d7c7fb799663eb9bdb5f,20329890920a5b712ff928d6ca9fb31ff2a36b870bacc0076c94259952707fb0,2026-09-30T17:34:08Z
SubmitPartialDecryption,80,667487af8f12d6951047ae2ba70cf1231a595a1d5b5d1e3b12697838d1403262,222,414539fecc2203d4ef8e4e15b062044a32d1ada486c51eaf601b7e147c0170e0,ab2118257550a55b915c251d7ee4aac43a92b06a2c00d7c7fb799663eb9bdb5f,20329890920a5b712ff928d6ca9fb31ff2a36b870bacc0076c94259952707fb0,2026-09-30T17:34:08Z
SubmitPartialDecryption,86,59674e66e34df91f38ccadecdb60affd45cd758aaac8d9158f1c8685a6bbc786,222,414539fecc2203d4ef8e4e15b062044a32d1ada486c51eaf601b7e147c0170e0,ab2118257550a55b915c251d7ee4aac43a92b06a2c00d7c7fb799663eb9bdb5f,20329890920a5b712ff928d6ca9fb31ff2a36b870bacc0076c94259952707fb0,2026-09-30T17:34:08Z
SubmitPartialDecryption,88,7e5615ea266f02b92cbd07253538881c35ed733acf0445daf884b6af405a1133,222,414539fecc2203d4ef8e4e15b062044a32d1ada486c51eaf601b7e147c0170e0,ab2118257550a55b915c251d7ee4aac43a92b06a2c00d7c7fb799663eb9bdb5f,20329890920a5b712ff928d6ca9fb31ff2a36b870bacc0076c94259952707fb0,2026-09-30T17:34:08Z
SubmitPartialDecryption,87,507e2b2526c587dc147c1c60b55814babeded72c7c64bb6e2ca6c025e7e8b7a9,222,414539fecc2203d4ef8e4e15b062044a32d1ada486c51eaf601b7e147c0170e0,ab2118257550a55b915c251d7ee4aac43a92b06a2c00d7c7fb799663eb9bdb5f,20329890920a5b712ff928d6ca9fb31ff2a36b870bacc0076c94259952707fb0,2026-09-30T17:34:08Z
SubmitPartialDecryption,89,8189fb433c331eee9b1bac92f9c1838708a417872058c73980ba9d51e24487c9,222,414539fecc2203d4ef8e4e15b062044a32d1ada486c51eaf601b7e147c0170e0,ab2118257550a55b915c251d7ee4aac43a92b06a2c00d7c7fb799663eb9bdb5f,20329890920a5b712ff928d6ca9fb31ff2a36b870bacc0076c94259952707fb0,2026-09-30T17:34:08Z
SubmitPartialDecryption,95,6a16355f5414f5ee4195a706228667e9c39679aadcb97c8282bafb1c2535ca7d,222,414539fecc2203d4ef8e4e15b062044a32d1ada486c51eaf601b7e147c0170e0,ab2118257550a55b915c251d7ee4aac43a92b06a2c00d7c7fb799663eb9bdb5f,20329890920a5b712ff928d6ca9fb31ff2a36b870bacc0076c94259952707fb0,2026-09-30T17:34:08Z
SubmitPartialDecryption,92,40d4649a36bb0befbb583fa96a8f36808cbb4a59b197df4ca7ab90b39f11af96,222,414539fecc2203d4ef8e4e15b062044a32d1ada486c51eaf601b7e147c0170e0,ab2118257550a55b915c251d7ee4aac43a92b06a2c00d7c7fb799663eb9bdb5f,20329890920a5b712ff928d6ca9fb31ff2a36b870bacc0076c94259952707fb0,2026-09-30T17:34:08Z
SubmitPartialDecryption,82,879a93360ddf3a7961b953e4f4f99fe0bb7bf3a152f865bd04f81c9a1aaee846,222,414539fecc2203d4ef8e4e15b062044a32d1ada486c51eaf601b7e147c0170e0,ab2118257550a55b915c251d7ee4aac43a92b06a2c00d7c7fb799663eb9bdb5f,20329890920a5b712ff928d6ca9fb31ff2a36b870bacc0076c94259952707fb0,2026-09-30T17:34:08Z
SubmitPartialDecryption,93,8d6fbff68efc3ef0c2a06f1140ece2b98378137e305a808a5ac375053bb541b8,222,414539fecc2203d4ef8e4e15b062044a32d1ada486c51eaf601b7e147c0170e0,ab2118257550a55b915c251d7ee4aac43a92b06a2c00d7c7fb799663eb9bdb5f,20329890920a5b712ff928d6ca9fb31ff2a36b870bacc0076c94259952707fb0,2026-09-30T17:34:08Z
SubmitPartialDecryption,91,8446cb4e88f37861a1472e6fa77caa5952c88b07f7648beaed9df8c44a2098ec,222,414539fecc2203d4ef8e4e15b062044a32d1ada486c51eaf601b7e147c0170e0,ab2118257550a55b915c251d7ee4aac43a92b06a2c00d7c7fb799663eb9bdb5f,20329890920a5b712ff928d6ca9fb31ff2a36b870bacc0076c94259952707fb0,2026-09-30T17:34:08Z
SubmitPartialDecryption,90,32fe782540db7a31d0553979ac479385a7e3fff7b51c110e4108fd73c2ae351e,222,414539fecc2203d4ef8e4e15b062044a32d1ada486c51eaf601b7e147c0170e0,ab2118257550a55b915c251d7ee4aac43a92b06a2c00d7c7fb799663eb9bdb5f,20329890920a5b712ff928d6ca9fb31ff2a36b870bacc0076c94259952707fb0,2026-09-30T17:34:08Z
SubmitPartialDecryption,94,496c4e97835aeb0dfcd41e36157443953eb4292e4b0d8999270d504691223211,222,414539fecc2203d4ef8e4e15b062044a32d1ada486c51eaf601b7e147c0170e0,ab2118257550a55b915c251d7ee4aac43a92b06a2c00d7c7fb799663eb9bdb5f,20329890920a5b712ff928d6ca9fb31ff2a36b870bacc0076c94259952707fb0,2026-09-30T17:34:08Z
SubmitPartialDecryption,84,8e462db1abb64c8d174d016d64fa327ed5622d775bb57ecc6a2ffe0a0939bd69,222,414539fecc2203d4ef8e4e15b062044a32d1ada486c51eaf601b7e147c0170e0,ab2118257550a55b915c251d7ee4aac43a92b06a2c00d7c7fb799663eb9bdb5f,20329890920a5b712ff928d6ca9fb31ff2a36b870bacc0076c94259952707fb0,2026-09-30T17:34:08Z
SubmitPartialDecryption,101,aecbf54ce67b57c8c9377c1e3d038205e8f11c4c13836724596feddc86e1bd1c,223,c266263dbc991a844dad45adffcddaf5604674299edffcb9db66abb0e325cb3a,cb3554a337ba0948759ec90e9f8d81b012ed3429bbbebaf222918f637c0b0a80,414539fecc2203d4ef8e4e15b062044a32d1ada486c51eaf601b7e147c0170e0,2026-09-30T17:34:10Z
SubmitPartialDecryption,103,f3a8151dad4955d7af4cce1c7d6cd40dbd26680fc5f8518a3380b5e9c1b99098,223,c266263dbc991a844dad45adffcddaf5604674299edffcb9db66abb0e325cb3a,cb3554a337ba0948759ec90e9f8d81b012ed3429bbbebaf222918f637c0b0a80,414539fecc2203d4ef8e4e15b062044a32d1ada486c51eaf601b7e147c0170e0,2026-09-30T17:34:10Z
SubmitPartialDecryption,109,241acc0e84234fd308c22d5339527a4fa8a0ca6b527c0125fb40fe939ab50547,223,c266263dbc991a844dad45adffcddaf5604674299edffcb9db66abb0e325cb3a,cb3554a337ba0948759ec90e9f8d81b012ed3429bbbebaf222918f637c0b0a80,414539fecc2203d4ef8e4e15b062044a32d1ada486c51eaf601b7e147c0170e0,2026-09-30T17:34:10Z
SubmitPartialDecryption,107,e76f141d745ad568e5adfe453604a29dfcb7937756d49589fe6186968eb9a048,223,c266263dbc991a844dad45adffcddaf5604674299edffcb9db66abb0e325cb3a,cb3554a337ba0948759ec90e9f8d81b012ed3429bbbebaf222918f637c0b0a80,414539fecc2203d4ef8e4e15b062044a32d1ada486c51eaf601b7e147c0170e0,2026-09-30T17:34:10Z
SubmitPartialDecryption,105,dbf78ca04dc6d95e531c1b8c2d1d0a28fc6bf246e7ce4f92e66b01c293d18be6,223,c266263dbc991a844dad45adffcddaf5604674299edffcb9db66abb0e325cb3a,cb3554a337ba0948759ec90e9f8d81b012ed3429bbbebaf222918f637c0b0a80,414539fecc2203d4ef8e4e15b062044a32d1ada486c51eaf601b7e147c0170e0,2026-09-30T17:34:10Z
SubmitPartialDecryption,102,128922e27c7b1289bcfc1d857ba1dfaf806d88d71942f304a8780ec26a80b62f,223,c266263dbc991a844dad45adffcddaf5604674299edffcb9db66abb0e325cb3a,cb3554a337ba0948759ec90e9f8d81b012ed3429bbbebaf222918f637c0b0a80,414539fecc2203d4ef8e4e15b062044a32d1ada486c51eaf601b7e147c0170e0,2026-09-30T17:34:10Z
SubmitPartialDecryption,111,d914b9287d3e570796b77a238e80a27f4ac292d7c7616bf1f8e0678404a0c8c4,223,c266263dbc991a844dad45adffcddaf5604674299edffcb9db66abb0e325cb3a,cb3554a337ba0948759ec90e9f8d81b012ed3429bbbebaf222918f637c0b0a80,414539fecc2203d4ef8e4e15b062044a32d1ada486c51eaf601b7e147c0170e0,2026-09-30T17:34:10Z
SubmitPartialDecryption,108,6b2b5a70195ce0b80cc5488bca3654bddfe16579666113744c032c7298073bcf,223,c266263dbc991a844dad45adffcddaf5604674299edffcb9db66abb0e325cb3a,cb3554a337ba0948759ec90e9f8d81b012ed3429bbbebaf222918f637c0b0a80,414539fecc2203d4ef8e4e15b062044a32d1ada486c51eaf601b7e147c0170e0,2026-09-30T17:34:10Z
SubmitPartialDecryption,104,bdec93dbfecb4cbdd830e2094194bf5997162f98419512243aec6df1dd79e31c,223,c266263dbc991a844dad45adffcddaf5604674299edffcb9db66abb0e325cb3a,cb3554a337ba0948759ec90e9f8d81b012ed3429bbbebaf222918f637c0b0a80,414539fecc2203d4ef8e4e15b062044a32d1ada486c51eaf601b7e147c0170e0,2026-09-30T17:34:10Z
SubmitPartialDecryption,106,e646fcea04d963bcb9f29a138845c08c829836e0b2dcfa8ab3c5d811692c6b8a,223,c266263dbc991a844dad45adffcddaf5604674299edffcb9db66abb0e325cb3a,cb3554a337ba0948759ec90e9f8d81b012ed3429bbbebaf222918f637c0b0a80,414539fecc2203d4ef8e4e15b062044a32d1ada486c51eaf601b7e147c0170e0,2026-09-30T17:34:10Z
SubmitPartialDecryption,98,5108fb1e48a9f4d1bf48858b1da93fe7616f6ee7d64ed0e63613257a942420b7,223,c266263dbc991a844dad45adffcddaf5604674299edffcb9db66abb0e325cb3a,cb3554a337ba0948759ec90e9f8d81b012ed3429bbbebaf222918f637c0b0a80,414539fecc2203d4ef8e4e15b062044a32d1ada486c51eaf601b7e147c0170e0,2026-09-30T17:34:10Z
SubmitPartialDecryption,110,0ad10696a4b1102a663b12e9f9e4e7bb67a0c1f294d66e6a8e0973b73223c92b,223,c266263dbc991a844dad45adffcddaf5604674299edffcb9db66abb0e325cb3a,cb3554a337ba0948759ec90e9f8d81b012ed3429bbbebaf222918f637c0b0a80,414539fecc2203d4ef8e4e15b062044a32d1ada486c51eaf601b7e147c0170e0,2026-09-30T17:34:10Z
SubmitPartialDecryption,96,f0b9ea00d87ae6d83f92880d81d3e81c1e9f46229f24cf9839d9b49e083ec234,223,c266263dbc991a844dad45adffcddaf5604674299edffcb9db66abb0e325cb3a,cb3554a337ba0948759ec90e9f8d81b012ed3429bbbebaf222918f637c0b0a80,414539fecc2203d4ef8e4e15b062044a32d1ada486c51eaf601b7e147c0170e0,2026-09-30T17:34:10Z
SubmitPartialDecryption,100,b4b47b641aef892d20b93b1b127061b4c051da738e8e66e944c6e5db310c6d2c,223,c266263dbc991a844dad45adffcddaf5604674299edffcb9db66abb0e325cb3a,cb3554a337ba0948759ec90e9f8d81b012ed3429bbbebaf222918f637c0b0a80,414539fecc2203d4ef8e4e15b062044a32d1ada486c51eaf601b7e147c0170e0,2026-09-30T17:34:10Z
SubmitPartialDecryption,99,00e8f37a93896ecac991a9a4e1255dfc2065dfd7a0d3ea5f041666b47ba99195,223,c266263dbc991a844dad45adffcddaf5604674299edffcb9db66abb0e325cb3a,cb3554a337ba0948759ec90e9f8d81b012ed3429bbbebaf222918f637c0b0a80,414539fecc2203d4ef8e4e15b062044a32d1ada486c51eaf601b7e147c0170e0,2026-09-30T17:34:10Z
SubmitPartialDecryption,97,4d025e54027e0ada5f485e4ba87256dcc3d80fce832591b45f092131e1b7c47e,223,c266263dbc991a844dad45adffcddaf5604674299edffcb9db66abb0e325cb3a,cb3554a337ba0948759ec90e9f8d81b012ed3429bbbebaf222918f637c0b0a80,414539fecc2203d4ef8e4e15b062044a32d1ada486c51eaf601b7e147c0170e0,2026-09-30T17:34:10Z
SubmitPartialDecryption,124,c96c704f5fa7a4285dcbd0ae53849e387fced2294e8aa6cab744cf80634f67a4,224,2c8a2f6f557da7d277c01bce247faef6e36f1dc537794cf0583cda7aac77cc85,a688ced4ead6907a1ea9d4cb8f50128b2f7f1fde8f3e5717601d9f5576509fa2,c266263dbc991a844dad45adffcddaf5604674299edffcb9db66abb0e325cb3a,2026-09-30T17:34:12Z
SubmitPartialDecryption,127,d6f00913ff9200f4d33edf86f5275d88f09e1b9ad713e691a0e938bb86720dc8,224,2c8a2f6f557da7d277c01bce247faef6e36f1dc537794cf0583cda7aac77cc85,a688ced4ead6907a1ea9d4cb8f50128b2f7f1fde8f3e5717601d9f5576509fa2,c266263dbc991a844dad45adffcddaf5604674299edffcb9db66abb0e325cb3a,2026-09-30T17:34:12Z
SubmitPartialDecryption,122,5d7dec6c81c8a39248a817f00178a35b35b65cf549bfe87c1aa7abc1fa679924,224,2c8a2f6f557da7d277c01bce247faef6e36f1dc537794cf0583cda7aac77cc85,a688ced4ead6907a1ea9d4cb8f50128b2f7f1fde8f3e5717601d9f5576509fa2,c266263dbc991a844dad45adffcddaf5604674299edffcb9db66abb0e325cb3a,2026-09-30T17:34:12Z
SubmitPartialDecryption,121,9bda93f6f0ed175d098ea6d0e6b0c2859cf0231885240e9f81e1403efe9882bd,224,2c8a2f6f557da7d277c01bce247faef6e36f1dc537794cf0583cda7aac77cc85,a688ced4ead6907a1ea9d4cb8f50128b2f7f1fde8f3e5717601d9f5576509fa2,c266263dbc991a844dad45adffcddaf5604674299edffcb9db66abb0e325cb3a,2026-09-30T17:34:12Z
SubmitPartialDecryption,113,771066036ec33527ca8ada7682f968c8587c6dc7834c7d08b982a9eaa40b7173,224,2c8a2f6f557da7d277c01bce247faef6e36f1dc537794cf0583cda7aac77cc85,a688ced4ead6907a1ea9d4cb8f50128b2f7f1fde8f3e5717601d9f5576509fa2,c266263dbc991a844dad45adffcddaf5604674299edffcb9db66abb0e325cb3a,2026-09-30T17:34:12Z
SubmitPartialDecryption,119,0d511ba581b42b52f401ac2382988e02af2e8b38674ebc23953d7c93d45a72b6,224,2c8a2f6f557da7d277c01bce247faef6e36f1dc537794cf0583cda7aac77cc85,a688ced4ead6907a1ea9d4cb8f50128b2f7f1fde8f3e5717601d9f5576509fa2,c266263dbc991a844dad45adffcddaf5604674299edffcb9db66abb0e325cb3a,2026-09-30T17:34:12Z
SubmitPartialDecryption,118,fe07271733bf2802bdef094fd19cb22804ae1222e7c380aab35344686c0aabde,224,2c8a2f6f557da7d277c01bce247faef6e36f1dc537794cf0583cda7aac77cc85,a688ced4ead6907a1ea9d4cb8f50128b2f7f1fde8f3e5717601d9f5576509fa2,c266263dbc991a844dad45adffcddaf5604674299edffcb9db66abb0e325cb3a,2026-09-30T17:34:12Z
SubmitPartialDecryption,114,ca2cd73d5802bafce1326e069138f0593501965dcdb19f5ec5f44a54aad8027d,224,2c8a2f6f557da7d277c01bce247faef6e36f1dc537794cf0583cda7aac77cc85,a688ced4ead6907a1ea9d4cb8f50128b2f7f1fde8f3e5717601d9f5576509fa2,c266263dbc991a844dad45adffcddaf5604674299edffcb9db66abb0e325cb3a,2026-09-30T17:34:12Z
SubmitPartialDecryption,116,9d8a25a59aee1e4016c92905a8c3568c95bc1d5a7ad872b536ed18dc1c1f9261,224,2c8a2f6f557da7d277c01bce247faef6e36f1dc537794cf0583cda7aac77cc85,a688ced4ead6907a1ea9d4cb8f50128b2f7f1fde8f3e5717601d9f5576509fa2,c266263dbc991a844dad45adffcddaf5604674299edffcb9db66abb0e325cb3a,2026-09-30T17:34:12Z
SubmitPartialDecryption,112,307bb36dbb76e5c628731a458b4929acac5482471e446ff33b1fe51c8a499f52,224,2c8a2f6f557da7d277c01bce247faef6e36f1dc537794cf0583cda7aac77cc85,a688ced4ead6907a1ea9d4cb8f50128b2f7f1fde8f3e5717601d9f5576509fa2,c266263dbc991a844dad45adffcddaf5604674299edffcb9db66abb0e325cb3a,2026-09-30T17:34:12Z
SubmitPartialDecryption,123,691c7241b7a130df1a1c2ba79f20caeac02f52c3febd007c25a3421097b6e86e,224,2c8a2f6f557da7d277c01bce247faef6e36f1dc537794cf0583cda7aac77cc85,a688ced4ead6907a1ea9d4cb8f50128b2f7f1fde8f3e5717601d9f5576509fa2,c266263dbc991a844dad45adffcddaf5604674299edffcb9db66abb0e325cb3a,2026-09-30T17:34:12Z
SubmitPartialDecryption,117,05c7ad49927045705c5af01f4da2adaa7f366dae9ec50a3267bb49d7c061bed5,224,2c8a2f6f557da7d277c01bce247faef6e36f1dc537794cf0583cda7aac77cc85,a688ced4ead6907a1ea9d4cb8f50128b2f7f1fde8f3e5717601d9f5576509fa2,c266263dbc991a844dad45adffcddaf5604674299edffcb9db66abb0e325cb3a,2026-09-30T17:34:12Z
SubmitPartialDecryption,115,284e5bcc006ec17170814f2f7165eff04bdb4aecaae7db4f38f41105534ea7a1,224,2c8a2f6f557da7d277c01bce247faef6e36f1dc537794cf0583cda7aac77cc85,a688ced4ead6907a1ea9d4cb8f50128b2f7f1fde8f3e5717601d9f5576509fa2,c266263dbc991a844dad45adffcddaf5604674299edffcb9db66abb0e325cb3a,2026-09-30T17:34:12Z
SubmitPartialDecryption,126,a9ee3606890050608cf6d58ec0b5ab34a759481393aac37c76d129d061b31524,224,2c8a2f6f557da7d277c01bce247faef6e36f1dc537794cf0583cda7aac77cc85,a688ced4ead6907a1ea9d4cb8f50128b2f7f1fde8f3e5717601d9f5576509fa2,c266263dbc991a844dad45adffcddaf5604674299edffcb9db66abb0e325cb3a,2026-09-30T17:34:12Z
SubmitPartialDecryption,120,703f5d29e18c01943df30bc2930b81238770e905adfb5beae101f3c0c289a2f9,224,2c8a2f6f557da7d277c01bce247faef6e36f1dc537794cf0583cda7aac77cc85,a688ced4ead6907a1ea9d4cb8f50128b2f7f1fde8f3e5717601d9f5576509fa2,c266263dbc991a844dad45adffcddaf5604674299edffcb9db66abb0e325cb3a,2026-09-30T17:34:12Z
SubmitPartialDecryption,125,a66d02b1943631c85009a55075f66f5af7cd60329b138216c08fd460da5e42c4,224,2c8a2f6f557da7d277c01bce247faef6e36f1dc537794cf0583cda7aac77cc85,a688ced4ead6907a1ea9d4cb8f50128b2f7f1fde8f3e5717601d9f5576509fa2,c266263dbc991a844dad45adffcddaf5604674299edffcb9db66abb0e325cb3a,2026-09-30T17:34:12Z
SubmitPartialDecryption,135,d553aa884d1f34cf6a65738465f1f8ac2aee76b788ef034b5b003964adfe62a0,225,6f53bfc034108037bb26b724caf39084561fe508bf94b30566a3ead9f6634839,24262a54481c9de1d12d430543965516dc04c8ec8752ff324e0251f6fbee4c05,2c8a2f6f557da7d277c01bce247faef6e36f1dc537794cf0583cda7aac77cc85,2026-09-30T17:34:14Z
SubmitPartialDecryption,140,69293039a1c0c7f0f2cf4bfdc2197d4cbb300c4945201a919697c7598a849878,225,6f53bfc034108037bb26b724caf39084561fe508bf94b30566a3ead9f6634839,24262a54481c9de1d12d430543965516dc04c8ec8752ff324e0251f6fbee4c05,2c8a2f6f557da7d277c01bce247faef6e36f1dc537794cf0583cda7aac77cc85,2026-09-30T17:34:14Z
SubmitPartialDecryption,134,d1cc279786c81df45c1f40a3878f15584df8c96515b8d1b62a465fd6f4ab0bc1,225,6f53bfc034108037bb26b724caf39084561fe508bf94b30566a3ead9f6634839,24262a54481c9de1d12d430543965516dc04c8ec8752ff324e0251f6fbee4c05,2c8a2f6f557da7d277c01bce247faef6e36f1dc537794cf0583cda7aac77cc85,2026-09-30T17:34:14Z
SubmitPartialDecryption,132,e09e94afe0a779b1702e9e51fc43718121944ed6acd5aac601b62c9e02f90f73,225,6f53bfc034108037bb26b724caf39084561fe508bf94b30566a3ead9f6634839,24262a54481c9de1d12d430543965516dc04c8ec8752ff324e0251f6fbee4c05,2c8a2f6f557da7d277c01bce247faef6e36f1dc537794cf0583cda7aac77cc85,2026-09-30T17:34:14Z
SubmitPartialDecryption,128,8170c44873e7827afc6fc59d411cea2ee8fa9b2cb76d14cd409b35370899303e,225,6f53bfc034108037bb26b724caf39084561fe508bf94b30566a3ead9f6634839,24262a54481c9de1d12d430543965516dc04c8ec8752ff324e0251f6fbee4c05,2c8a2f6f557da7d277c01bce247faef6e36f1dc537794cf0583cda7aac77cc85,2026-09-30T17:34:14Z
SubmitPartialDecryption,136,bf7a273b8747201afab59b8a9f7f4bb55f12b4ed8d232e93ddd488694826c9c7,225,6f53bfc034108037bb26b724caf39084561fe508bf94b30566a3ead9f6634839,24262a54481c9de1d12d430543965516dc04c8ec8752ff324e0251f6fbee4c05,2c8a2f6f557da7d277c01bce247faef6e36f1dc537794cf0583cda7aac77cc85,2026-09-30T17:34:14Z
SubmitPartialDecryption,143,435c9d672c5d38a702a5bff2192e3cd5078579053dcc4eb312126c8081ec757a,225,6f53bfc034108037bb26b724caf39084561fe508bf94b30566a3ead9f6634839,24262a54481c9de1d12d430543965516dc04c8ec8752ff324e0251f6fbee4c05,2c8a2f6f557da7d277c01bce247faef6e36f1dc537794cf0583cda7aac77cc85,2026-09-30T17:34:14Z
SubmitPartialDecryption,141,fb713f965b720aa791b8ef51d85a90c0bbfc983fa0c378bd2f8ecf39fc0c8985,225,6f53bfc034108037bb26b724caf39084561fe508bf94b30566a3ead9f6634839,24262a54481c9de1d12d430543965516dc04c8ec8752ff324e0251f6fbee4c05,2c8a2f6f557da7d277c01bce247faef6e36f1dc537794cf0583cda7aac77cc85,2026-09-30T17:34:14Z
SubmitPartialDecryption,142,e5b8c4330cdaaf4cd3f48a4d2a5fa4fdbf835f1f9a54849bda837a29646be0b8,225,6f53bfc034108037bb26b724caf39084561fe508bf94b30566a3ead9f6634839,24262a54481c9de1d12d430543965516dc04c8ec8752ff324e0251f6fbee4c05,2c8a2f6f557da7d277c01bce247faef6e36f1dc537794cf0583cda7aac77cc85,2026-09-30T17:34:14Z
SubmitPartialDecryption,131,c82029d826fb90b73425a81f8ce97e00fac1de78f576ea2858051d6bc075fc4f,225,6f53bfc034108037bb26b724caf39084561fe508bf94b30566a3ead9f6634839,24262a54481c9de1d12d430543965516dc04c8ec8752ff324e0251f6fbee4c05,2c8a2f6f557da7d277c01bce247faef6e36f1dc537794cf0583cda7aac77cc85,2026-09-30T17:34:14Z
SubmitPartialDecryption,133,d297fbb3adce37e3f16d8093c7b444574c3e5f02b0952bc91212322011aac09c,225,6f53bfc034108037bb26b724caf39084561fe508bf94b30566a3ead9f6634839,24262a54481c9de1d12d430543965516dc04c8ec8752ff324e0251f6fbee4c05,2c8a2f6f557da7d277c01bce247faef6e36f1dc537794cf0583cda7aac77cc85,2026-09-30T17:34:14Z
SubmitPartialDecryption,137,7bc8471a95e1ad1893f597d1729385cf0f6f6c17192551442ef065ddb0ceead9,225,6f53bfc034108037bb26b724caf39084561fe508bf94b30566a3ead9f6634839,24262a54481c9de1d12d430543965516dc04c8ec8752ff324e0251f6fbee4c05,2c8a2f6f557da7d277c01bce247faef6e36f1dc537794cf0583cda7aac77cc85,2026-09-30T17:34:14Z
SubmitPartialDecryption,130,193fa47875ebb2039b8e0194a5c39a36e2bad4e9bc887b1c9fdd3a5b3cb351e9,225,6f53bfc034108037bb26b724caf39084561fe508bf94b30566a3ead9f6634839,24262a54481c9de1d12d430543965516dc04c8ec8752ff324e0251f6fbee4c05,2c8a2f6f557da7d277c01bce247faef6e36f1dc537794cf0583cda7aac77cc85,2026-09-30T17:34:14Z
SubmitPartialDecryption,129,0ec9d321690165c77498cec01905cd4ed24318aae34afed6fc53180e32831d99,225,6f53bfc034108037bb26b724caf39084561fe508bf94b30566a3ead9f6634839,24262a54481c9de1d12d430543965516dc04c8ec8752ff324e0251f6fbee4c05,2c8a2f6f557da7d277c01bce247faef6e36f1dc537794cf0583cda7aac77cc85,2026-09-30T17:34:14Z
SubmitPartialDecryption,139,26932c4b7086f10d26b75ea6ff713adf32dc65464aba99f68ae1429294d8f4f9,225,6f53bfc034108037bb26b724caf39084561fe508bf94b30566a3ead9f6634839,24262a54481c9de1d12d430543965516dc04c8ec8752ff324e0251f6fbee4c05,2c8a2f6f557da7d277c01bce247faef6e36f1dc537794cf0583cda7aac77cc85,2026-09-30T17:34:14Z
SubmitPartialDecryption,138,a4486b65ede8931cdca0190302d2e9286ff68b07d6bde041f5199e5dcacdeb02,225,6f53bfc034108037bb26b724caf39084561fe508bf94b30566a3ead9f6634839,24262a54481c9de1d12d430543965516dc04c8ec8752ff324e0251f6fbee4c05,2c8a2f6f557da7d277c01bce247faef6e36f1dc537794cf0583cda7aac77cc85,2026-09-30T17:34:14Z
SubmitPartialDecryption,149,a0e5c1729fc396afbb9b6017f8c5dd3d65b2697787cf4403d9e9557379517b06,226,1ef9c3f73b551c8edc07ee34c9f862a3b123c3c8c2c2953bd67513e17da97f92,a2da6d6e7e16b4dea837f09631cc56132e864ed23da4c84a945440d9a1795144,6f53bfc034108037bb26b724caf39084561fe508bf94b30566a3ead9f6634839,2026-09-30T17:34:16Z
SubmitPartialDecryption,144,8c06c601ca2dad0784cbd5d1f4dd3641c917f80b79886fed514f6663c64782bc,226,1ef9c3f73b551c8edc07ee34c9f862a3b123c3c8c2c2953bd67513e17da97f92,a2da6d6e7e16b4dea837f09631cc56132e864ed23da4c84a945440d9a1795144,6f53bfc034108037bb26b724caf39084561fe508bf94b30566a3ead9f6634839,2026-09-30T17:34:16Z
SubmitPartialDecryption,145,6f9fd9a1d5c6749912d3fc0e812d8a5b11f2fa5c10eb9ff094dfca3d25e7024c,226,1ef9c3f73b551c8edc07ee34c9f862a3b123c3c8c2c2953bd67513e17da97f92,a2da6d6e7e16b4dea837f09631cc56132e864ed23da4c84a945440d9a1795144,6f53bfc034108037bb26b724caf39084561fe508bf94b30566a3ead9f6634839,2026-09-30T17:34:16Z
SubmitPartialDecryption,147,18d16bf795d450b22a1d387c1c5ba815d909db3d811512e0ff838b14769eb43c,226,1ef9c3f73b551c8edc07ee34c9f862a3b123c3c8c2c2953bd67513e17da97f92,a2da6d6e7e16b4dea837f09631cc56132e864ed23da4c84a945440d9a1795144,6f53bfc034108037bb26b724caf39084561fe508bf94b30566a3ead9f6634839,2026-09-30T17:34:16Z
SubmitPartialDecryption,148,e8f459104987b57e6b43814a48538df668e056120745786511eb2bffd98f1e1a,226,1ef9c3f73b551c8edc07ee34c9f862a3b123c3c8c2c2953bd67513e17da97f92,a2da6d6e7e16b4dea837f09631cc56132e864ed23da4c84a945440d9a1795144,6f53bfc034108037bb26b724caf39084561fe508bf94b30566a3ead9f6634839,2026-09-30T17:34:16Z
SubmitPartialDecryption,146,76d550b80f29974ae9fa23163aa77624a98e83fdf79dc9f2b847d200a999330b,226,1ef9c3f73b551c8edc07ee34c9f862a3b123c3c8c2c2953bd67513e17da97f92,a2da6d6e7e16b4dea837f09631cc56132e864ed23da4c84a945440d9a1795144,6f53bfc034108037bb26b724caf39084561fe508bf94b30566a3ead9f6634839,2026-09-30T17:34:16Z
PublishTally,,1dc35e0ff228e981be61446ea596610c7bb57b8ed47a50051ecac014ea59488d,227,0b4f26d005ac2276a5be49fbf64d5fdee46bdc71fc7afa6648ed1be87b1d4e69,d3190525c975ae9178f3f48a0e2d9e2572466898ae169cc95f3532cbd42e0274,1ef9c3f73b551c8edc07ee34c9f862a3b123c3c8c2c2953bd67513e17da97f92,2026-09-30T17:34:18Z
